Type,Name,Request Count,Failure Count,Median Response Time,Average Response Time,Min Response Time,Max Response Time,Average Content Size,Requests/s,Failures/s,50%,66%,75%,80%,90%,95%,98%,99%,99.9%,99.99%,100%
GET,/get/key_0,1845,0,310,330.4569105691057,77,1838,112.6319783197832,6.157565142604332,0.0,310,370,400,430,500,560,690,860,1500,1800,1800
GET,/get/key_1,1869,0,320,343.8951310861423,78,1960,112.63777421080792,6.237663550963413,0.0,320,380,410,440,520,590,770,980,1800,2000,2000
GET,/get/key_10,1906,0,320,353.31636935991605,79,1675,115.82214060860441,6.3611485971836625,0.0,320,390,430,450,510,590,860,990,1600,1700,1700
GET,/get/key_100,1884,0,310,340.5376857749469,77,2267,117.63588110403397,6.287725056187838,0.0,310,360,400,430,500,560,830,1200,1900,2300,2300
GET,/get/key_11,1833,0,320,352.12111292962356,76,2339,113.66557555919258,6.117515938424791,0.0,320,390,430,460,520,610,760,860,1500,2300,2300
GET,/get/key_12,1858,0,320,350.280947255113,77,2031,113.68299246501614,6.200951780465501,0.0,320,380,420,450,520,620,760,980,1800,2000,2000
GET,/get/key_13,1785,0,330,352.9574229691877,78,1810,113.6577030812325,5.957319121706631,0.0,330,390,420,460,510,590,770,990,1700,1800,1800
GET,/get/key_14,1921,0,320,344.70432066631963,76,1942,115.63612701717855,6.411210102408088,0.0,320,380,420,450,520,600,740,880,1300,1900,1900
GET,/get/key_15,1858,0,310,341.52691065662003,78,2059,113.63993541442412,6.200951780465501,0.0,310,380,410,440,500,570,790,1000,1800,2100,2100
GET,/get/key_16,1782,0,320,354.74017957351293,79,2010,113.65432098765432,5.947306820661745,0.0,320,390,420,450,520,620,780,940,2000,2000,2000
GET,/get/key_17,1881,0,330,350.25837320574163,78,1984,116.62679425837321,6.277712755142953,0.0,330,390,430,460,510,590,770,980,1800,2000,2000
GET,/get/key_18,1813,0,330,356.9542195256481,78,1866,115.82349696635411,6.050767264792224,0.0,330,390,430,460,530,610,750,960,1700,1900,1900
GET,/get/key_19,1865,0,340,358.64343163538877,79,1660,112.59088471849866,6.224313816236899,0.0,340,400,440,460,520,600,720,840,1600,1700,1700
GET,/get/key_2,1910,0,330,354.017277486911,78,1997,112.66020942408377,6.374498331910176,0.0,330,380,420,450,510,600,770,1000,1900,2000,2000
GET,/get/key_20,1818,0,320,350.3877887788779,79,1500,113.66776677667767,6.067454433200366,0.0,320,380,420,450,510,580,720,980,1500,1500,1500
GET,/get/key_21,1933,0,320,346.6145887221935,77,1797,115.64459389549923,6.4512593065876285,0.0,320,380,410,450,510,600,820,1000,1500,1800,1800
GET,/get/key_22,1883,0,320,352.4269782262347,76,2339,113.6202867764206,6.28438762250621,0.0,320,380,430,460,520,600,750,950,1700,2300,2300
GET,/get/key_23,1722,0,320,354.7433217189315,80,2212,112.58072009291521,5.747060799764043,0.0,320,380,420,450,520,600,840,1000,1800,2200,2200
GET,/get/key_24,1879,0,330,356.72006386375733,79,1745,113.65832889835019,6.271037887779697,0.0,330,390,440,460,520,600,760,1000,1500,1700,1700
GET,/get/key_25,1843,0,320,344.74226804123714,78,1603,116.63754747693977,6.150890275241076,0.0,320,370,410,440,530,610,810,1000,1500,1600,1600
GET,/get/key_26,1854,0,320,344.86245954692555,79,1668,115.62891046386191,6.187602045738987,0.0,320,380,420,450,510,580,750,910,1500,1700,1700
GET,/get/key_27,1842,0,320,350.5016286644951,78,1706,113.63843648208469,6.147552841559447,0.0,320,380,420,450,520,600,780,1000,1600,1700,1700
GET,/get/key_28,1895,0,320,348.2031662269129,77,1775,116.65013192612138,6.3244368266857505,0.0,320,390,420,450,510,590,810,1200,1700,1800,1800
GET,/get/key_29,1847,0,310,330.0357336220899,79,1814,113.64266377910124,6.164240009967589,0.0,310,360,400,430,500,560,720,900,1600,1800,1800
GET,/get/key_3,1812,0,340,358.15562913907286,77,1717,111.59933774834437,6.047429831110596,0.0,340,400,440,470,530,600,770,900,1300,1700,1700
GET,/get/key_30,1776,0,330,352.8051801801802,78,2461,115.80405405405405,5.927282218571975,0.0,330,390,420,450,530,590,740,920,2000,2500,2500
GET,/get/key_31,1824,0,330,360.8985745614035,79,1749,115.80427631578948,6.087479035290136,0.0,330,390,430,460,530,620,840,1000,1500,1700,1700
GET,/get/key_32,1891,0,340,371.2041248016922,79,2079,113.64040190375462,6.311087091959236,0.0,340,410,450,480,550,650,850,1000,2000,2100,2100
GET,/get/key_33,1879,0,310,335.3842469398616,78,1552,113.63704097924428,6.271037887779697,0.0,310,380,410,440,510,580,720,900,1500,1600,1600
GET,/get/key_34,1807,0,320,350.09684560044275,78,1720,112.61925843940233,6.030742662702454,0.0,320,390,420,450,510,600,760,930,1500,1700,1700
GET,/get/key_35,1873,0,330,359.75920982381206,80,2010,113.64121729845168,6.251013285689926,0.0,330,390,420,450,520,620,800,1000,1800,2000,2000
GET,/get/key_36,1861,0,330,357.4481461579796,77,2210,112.62869425040302,6.210964081510386,0.0,330,390,430,460,520,600,860,1000,1700,2200,2200
GET,/get/key_37,1883,0,310,334.53478491768453,77,1803,113.63409453000531,6.28438762250621,0.0,310,370,400,420,500,560,710,950,1500,1800,1800
GET,/get/key_38,1875,0,320,346.95733333333334,79,1654,113.63413333333334,6.2576881530531825,0.0,320,390,420,440,510,570,710,880,1500,1700,1700
GET,/get/key_39,1912,0,320,348.26778242677824,77,1923,115.63179916317992,6.381173199273432,0.0,320,380,420,440,520,620,770,980,1800,1900,1900
GET,/get/key_4,1801,0,320,349.29372570794004,81,2495,114.63853414769572,6.0107180606126835,0.0,320,380,410,440,510,590,780,970,2200,2500,2500
GET,/get/key_40,1939,0,320,350.01856627127387,78,1644,112.60546673543064,6.471283908677398,0.0,320,380,420,440,520,600,870,990,1500,1600,1600
GET,/get/key_41,1785,0,330,363.89579831932775,76,1828,113.6610644257703,5.957319121706631,0.0,330,400,430,460,550,630,910,1100,1800,1800,1800
GET,/get/key_42,1885,0,330,351.1257294429708,80,2000,116.63501326259947,6.291062489869467,0.0,330,390,430,460,520,610,790,950,2000,2000,2000
GET,/get/key_43,1896,0,320,350.668776371308,78,1996,115.82014767932489,6.327774260367379,0.0,320,380,420,460,520,610,770,980,1700,2000,2000
GET,/get/key_44,1834,0,320,353.76444929116684,77,2370,115.63794983642312,6.12085337210642,0.0,320,380,420,460,510,610,830,1000,2000,2400,2400
GET,/get/key_45,1969,0,340,363.6074149314373,77,2942,115.80650076180802,6.571406919126249,0.0,340,400,440,470,540,640,750,1000,2000,2900,2900
GET,/get/key_46,1888,0,310,333.92849576271186,77,2261,113.65254237288136,6.301074790914352,0.0,310,370,410,430,500,580,770,950,1500,2300,2300
GET,/get/key_47,1870,0,320,339.2128342245989,78,2002,116.64385026737968,6.241000984645041,0.0,320,380,410,440,500,600,770,940,1800,2000,2000
GET,/get/key_48,1854,0,330,356.53451995685003,78,2531,113.65102481121899,6.187602045738987,0.0,330,390,420,460,520,610,760,980,1500,2500,2500
GET,/get/key_49,1942,0,320,348.9541709577755,80,1816,113.62718846549949,6.4812962097222835,0.0,320,380,410,440,510,600,800,990,1800,1800,1800
GET,/get/key_5,1902,0,340,365.29758149316507,78,2033,114.81808622502629,6.347798862457148,0.0,340,400,440,470,530,620,760,920,1800,2000,2000
GET,/get/key_50,1841,0,330,360.90059750135794,76,2344,115.81205866376969,6.144215407877819,0.0,330,390,430,460,520,630,860,1200,1800,2300,2300
GET,/get/key_51,1911,0,310,333.92621664050233,78,2096,113.62846677132391,6.377835765591804,0.0,310,370,400,430,500,570,710,800,1500,2100,2100
GET,/get/key_52,1849,0,320,341.62195781503516,75,2008,116.64088696592754,6.170914877330845,0.0,320,380,420,440,510,590,760,1000,1700,2000,2000
GET,/get/key_53,1853,0,330,358.5833783054506,79,1792,115.81921208850513,6.184264612057359,0.0,330,400,440,460,530,620,800,1000,1600,1800,1800
GET,/get/key_54,1864,0,320,338.2140557939914,78,1437,113.63036480686695,6.220976382555271,0.0,320,370,410,430,500,580,730,990,1400,1400,1400
GET,/get/key_55,1818,0,330,355.18426842684266,78,1746,113.65346534653466,6.067454433200366,0.0,330,390,420,460,520,620,810,990,1400,1700,1700
GET,/get/key_56,1877,0,320,347.14544485881726,78,2751,115.63185935002664,6.2643630204164396,0.0,320,380,410,440,510,590,760,980,1800,2800,2800
GET,/get/key_57,1899,0,340,367.0036861506056,78,2257,113.6197998946814,6.337786561412264,0.0,340,410,440,470,550,650,790,1000,2000,2300,2300
GET,/get/key_58,1881,0,330,358.01701222753854,79,2194,113.64593301435407,6.277712755142953,0.0,330,390,430,460,530,620,770,1000,1900,2200,2200
GET,/get/key_59,1827,0,330,358.7345374931582,77,1774,113.62178434592228,6.097491336335022,0.0,330,390,440,470,530,630,800,980,1600,1800,1800
GET,/get/key_6,1845,0,330,357.03956639566394,80,2247,114.81680216802168,6.157565142604332,0.0,330,390,430,460,520,600,750,990,2000,2200,2200
GET,/get/key_60,1898,0,330,357.7344573234984,78,1800,113.63856691253952,6.334449127730635,0.0,330,390,430,460,530,610,800,1000,1700,1800,1800
GET,/get/key_61,1841,0,330,355.1010320478001,78,2156,113.6518196632265,6.144215407877819,0.0,330,400,430,460,520,600,740,910,1200,2200,2200
GET,/get/key_62,1882,0,340,359.65515409139215,78,2009,116.63496280552603,6.281050188824581,0.0,340,400,440,470,540,620,810,1000,2000,2000,2000
GET,/get/key_63,1816,0,320,351.7599118942731,77,1977,113.67676211453744,6.06077956583711,0.0,320,380,420,450,520,620,780,970,2000,2000,2000
GET,/get/key_64,1901,0,320,350.3387690689111,77,1941,112.59284587059443,6.344461428775521,0.0,320,390,420,450,510,590,770,920,1800,1900,1900
GET,/get/key_65,1832,0,320,352.3569868995633,79,1772,115.8056768558952,6.114178504743164,0.0,320,390,420,460,520,600,780,990,1500,1800,1800
GET,/get/key_66,1849,0,320,355.526230394808,79,1650,115.80421849648458,6.170914877330845,0.0,320,380,420,450,520,610,810,1000,1600,1600,1600
GET,/get/key_67,1867,0,350,371.76861274772364,78,1779,115.82645956079271,6.230988683600156,0.0,350,400,450,470,550,650,810,990,1700,1800,1800
GET,/get/key_68,1850,0,330,360.5881081081081,80,1753,115.80756756756757,6.174252311012474,0.0,330,390,430,460,540,620,810,1000,1700,1800,1800
GET,/get/key_69,1902,0,320,341.74132492113563,78,1754,116.64773922187172,6.347798862457148,0.0,320,380,410,440,510,590,750,880,1700,1800,1800
GET,/get/key_7,1848,0,320,351.89339826839824,81,1982,111.60119047619048,6.1675774436492175,0.0,320,390,420,450,520,620,760,940,1600,2000,2000
GET,/get/key_70,1865,0,330,354.543163538874,78,1484,113.66219839142092,6.224313816236899,0.0,330,390,430,470,530,610,750,900,1200,1500,1500
GET,/get/key_71,1936,0,330,358.3915289256198,78,2247,116.62913223140495,6.461271607632513,0.0,330,400,440,470,550,650,770,980,1900,2200,2200
GET,/get/key_72,1880,0,330,352.3989361702128,80,2191,115.82340425531915,6.274375321461325,0.0,330,390,420,450,530,610,740,850,2000,2200,2200
GET,/get/key_73,1936,0,320,344.43646694214874,77,1660,113.64721074380165,6.461271607632513,0.0,320,380,420,450,510,580,750,940,1600,1700,1700
GET,/get/key_74,1904,0,320,352.7022058823529,78,1550,113.65388655462185,6.3544737298204055,0.0,320,390,430,460,530,620,790,950,1500,1600,1600
GET,/get/key_75,1854,0,340,361.73031283710895,77,1744,113.63969795037757,6.187602045738987,0.0,340,400,440,470,540,620,750,910,1700,1700,1700
GET,/get/key_76,1840,0,340,365.4820652173913,78,2275,115.64673913043478,6.14087797419619,0.0,340,390,440,460,540,640,910,1300,2000,2300,2300
GET,/get/key_77,1881,0,310,339.76555023923447,77,1892,113.64912280701755,6.277712755142953,0.0,310,380,410,440,510,590,780,1000,1700,1900,1900
GET,/get/key_78,1818,0,330,360.87953795379536,79,1560,115.81628162816281,6.067454433200366,0.0,330,390,430,460,540,630,850,1000,1500,1600,1600
GET,/get/key_79,1893,0,340,367.0797675647121,76,2513,115.80295826730058,6.317761959322493,0.0,340,400,440,470,540,620,860,1000,2000,2500,2500
GET,/get/key_8,1859,0,330,360.43733189887035,80,1918,112.66433566433567,6.2042892141471295,0.0,330,390,430,460,540,620,780,1000,1500,1900,1900
GET,/get/key_80,1874,0,330,356.3004268943437,79,1667,113.62700106723585,6.254350719371555,0.0,330,390,420,460,530,620,840,990,1500,1700,1700
GET,/get/key_81,1807,0,320,340.2612064194798,77,2010,113.63918096292197,6.030742662702454,0.0,320,370,410,440,500,580,720,910,2000,2000,2000
GET,/get/key_82,1834,0,320,349.57470010905126,78,1577,115.63467829880044,6.12085337210642,0.0,320,380,420,450,510,610,800,1000,1500,1600,1600
GET,/get/key_83,1871,0,330,362.896846606093,79,2233,113.63121325494389,6.244338418326669,0.0,330,390,430,470,540,660,820,1000,1600,2200,2200
GET,/get/key_84,1893,0,330,354.2113048071844,77,1802,115.81299524564184,6.317761959322493,0.0,330,390,420,460,520,600,760,960,1700,1800,1800
GET,/get/key_85,1843,0,320,340.8453608247423,79,1970,113.6212696690179,6.150890275241076,0.0,320,380,420,440,510,580,730,840,1200,2000,2000
GET,/get/key_86,1862,0,330,351.1514500537057,78,1874,115.63211600429645,6.214301515192014,0.0,330,380,420,460,530,610,750,970,1700,1900,1900
GET,/get/key_87,1842,0,320,348.114549402823,80,1817,112.599891422367,6.147552841559447,0.0,320,380,410,440,520,610,770,960,1700,1800,1800
GET,/get/key_88,1872,0,320,346.4957264957265,78,1788,112.6116452991453,6.247675852008298,0.0,320,380,410,440,510,600,750,950,1600,1800,1800
GET,/get/key_89,1852,0,330,357.1560475161987,78,1827,113.65550755939525,6.180927178375731,0.0,330,390,430,460,530,610,760,960,1800,1800,1800
GET,/get/key_9,1808,0,320,357.6382743362832,79,2512,112.66316371681415,6.034080096384082,0.0,320,390,420,460,520,620,800,1000,1900,2500,2500
GET,/get/key_90,1910,0,340,356.51884816753926,76,2319,113.64921465968587,6.374498331910176,0.0,340,400,440,470,530,600,760,910,1700,2300,2300
GET,/get/key_91,1875,0,340,361.29653333333334,78,2061,113.6656,6.2576881530531825,0.0,340,400,440,470,530,610,750,950,1600,2100,2100
GET,/get/key_92,1852,0,330,351.78131749460044,78,2144,115.63714902807776,6.180927178375731,0.0,330,390,430,460,520,590,740,930,1900,2100,2100
GET,/get/key_93,1856,0,320,353.45797413793105,78,2167,113.67618534482759,6.194276913102244,0.0,320,390,420,450,510,630,800,990,1800,2200,2200
GET,/get/key_94,1849,0,330,356.0481341265549,79,1888,113.62466197944835,6.170914877330845,0.0,330,390,430,460,530,620,780,970,1500,1900,1900
GET,/get/key_95,1839,0,320,347.66503534529636,78,2195,115.6237085372485,6.1375405405145615,0.0,320,380,420,450,500,590,730,970,2000,2200,2200
GET,/get/key_96,1855,0,330,348.37142857142857,79,1978,115.80539083557952,6.190939479420615,0.0,330,390,420,460,510,590,700,820,1300,2000,2000
GET,/get/key_97,1826,0,320,352.6998904709748,77,2509,116.62595837897042,6.094153902653393,0.0,320,390,420,450,520,600,760,1100,2300,2500,2500
GET,/get/key_98,1863,0,320,342.67579173376276,77,2108,116.64626945786367,6.217638948873643,0.0,320,380,420,440,500,590,740,920,2000,2100,2100
GET,/get/key_99,1862,0,320,347.3721804511278,78,1423,113.64715359828142,6.214301515192014,0.0,320,380,420,440,510,590,700,900,1300,1400,1400
PUT,set_key_0,1847,0,420,460.9935029778018,86,2204,244.17433676231727,6.164240009967589,0.0,420,490,540,580,700,820,1100,1300,2000,2200,2200
PUT,set_key_1,1870,0,340,372.2128342245989,81,1984,245.32513368983956,6.241000984645041,0.0,340,410,460,480,540,640,830,970,1800,2000,2000
PUT,set_key_10,1909,0,410,446.71555788370875,87,2208,252.08328968046098,6.371160898228547,0.0,410,480,510,540,680,820,1000,1300,2000,2200,2200
PUT,set_key_100,1886,0,410,455.3610816542948,87,2486,252.20307529162247,6.294399923551095,0.0,410,480,510,550,700,900,1200,1400,1900,2500,2500
PUT,set_key_11,1835,0,420,465.1177111716621,83,2063,249.4299727520436,6.124190805788048,0.0,420,490,530,580,720,830,1100,1300,2000,2100,2100
PUT,set_key_12,1860,0,410,446.2989247311828,82,2481,252.07150537634408,6.207626647828757,0.0,410,480,510,550,660,810,1000,1300,1800,2500,2500
PUT,set_key_13,1790,0,400,429.791061452514,85,2747,249.2972067039106,5.974006290114772,0.0,400,460,500,520,620,760,1000,1400,1700,2700,2700
PUT,set_key_14,1921,0,390,418.71004685059864,83,2545,251.33732431025507,6.411210102408088,0.0,390,450,490,510,620,740,990,1200,1900,2500,2500
PUT,set_key_15,1859,1,410,462.74986551909626,85,18330,251.9020979020979,6.2042892141471295,0.0033374336816283643,410,480,510,550,690,850,1100,1400,2200,18000,18000
PUT,set_key_16,1783,0,380,411.85530005608524,80,2686,251.315199102636,5.9506442543433735,0.0,380,450,490,500,600,710,960,1200,2000,2700,2700
PUT,set_key_17,1882,0,380,407.1190223166844,82,2472,252.31774707757705,6.281050188824581,0.0,380,440,490,510,620,740,1000,1200,2000,2500,2500
PUT,set_key_18,1820,0,410,454.17252747252746,89,2484,252.09230769230768,6.074129300563623,0.0,410,480,520,560,690,820,1100,1400,2200,2500,2500
PUT,set_key_19,1865,0,380,400.33512064343165,82,2527,252.2906166219839,6.224313816236899,0.0,380,430,480,500,590,720,960,1100,1700,2500,2500
PUT,set_key_2,1915,0,410,448.4052219321149,81,1983,248.02663185378591,6.391185500318318,0.0,410,480,510,540,680,800,1000,1400,2000,2000,2000
PUT,set_key_20,1821,0,400,432.4168039538715,80,2515,249.32948929159804,6.0774667342452515,0.0,400,460,500,530,630,750,990,1200,2200,2500,2500
PUT,set_key_21,1936,0,420,461.7040289256198,84,2943,249.43388429752065,6.461271607632513,0.0,420,490,530,570,710,850,1200,1500,2500,2900,2900
PUT,set_key_22,1888,0,410,455.96398305084745,83,2494,248.1218220338983,6.301074790914352,0.0,410,490,520,570,690,830,1100,1400,2200,2500,2500
PUT,set_key_23,1724,0,410,454.2331786542923,79,2137,252.0661252900232,5.7537356671273,0.0,410,480,510,550,690,830,1200,1500,2100,2100,2100
PUT,set_key_24,1886,0,420,462.48038176033936,85,2341,249.40986214209968,6.294399923551095,0.0,420,490,530,570,710,860,1100,1300,2200,2300,2300
PUT,set_key_25,1845,0,410,446.8292682926829,83,2878,252.00379403794037,6.157565142604332,0.0,410,480,520,550,670,800,1000,1300,2200,2900,2900
PUT,set_key_26,1854,0,410,455.9519956850054,85,2246,248.13052858683926,6.187602045738987,0.0,420,480,530,560,700,800,1000,1400,2000,2200,2200
PUT,set_key_27,1849,0,420,465.77339102217417,85,2894,249.44456462952948,6.170914877330845,0.0,420,490,540,580,720,890,1100,1400,2400,2900,2900
PUT,set_key_28,1897,0,430,460.1217712177122,81,2014,248.2245651027939,6.331111694049007,0.0,430,490,540,580,690,810,1000,1300,1800,2000,2000
PUT,set_key_29,1854,0,410,444.3619201725998,80,1997,248.20010787486515,6.187602045738987,0.0,410,480,510,550,670,800,960,1100,1800,2000,2000
PUT,set_key_3,1814,1,350,381.73208379272324,81,18355,245.20341786108048,6.054104698473853,0.0033374336816283643,350,410,450,480,550,660,760,970,1800,18000,18000
PUT,set_key_30,1779,0,410,450.44013490725126,82,2148,248.1804384485666,5.93729451961686,0.0,410,480,520,550,680,780,1000,1300,2000,2100,2100
PUT,set_key_31,1825,0,350,368.9698630136986,82,1512,249.2991780821918,6.090816468971765,0.0,350,410,450,480,550,630,750,940,1500,1500,1500
PUT,set_key_32,1891,0,350,375.1300898995241,78,2002,249.34796404019036,6.311087091959236,0.0,350,410,450,470,560,660,820,1000,2000,2000,2000
PUT,set_key_33,1880,1,390,429.6292553191489,81,18328,249.14946808510638,6.274375321461325,0.0033374336816283643,390,460,490,520,620,740,970,1200,2000,18000,18000
PUT,set_key_34,1810,0,410,461.5132596685083,80,2499,249.49171270718233,6.0407549637473394,0.0,410,490,530,580,710,840,1100,1300,2200,2500,2500
PUT,set_key_35,1874,0,410,448.2187833511206,83,2329,252.05869797225188,6.254350719371555,0.0,410,480,510,540,690,810,1000,1300,2300,2300,2300
PUT,set_key_36,1867,0,420,470.8553829673273,80,1973,249.50776647027317,6.230988683600156,0.0,420,500,540,590,740,920,1100,1300,1900,2000,2000
PUT,set_key_37,1886,0,420,457.9188759278897,85,2519,249.39554612937434,6.294399923551095,0.0,420,490,530,570,690,810,1000,1200,2500,2500,2500
PUT,set_key_38,1879,0,420,453.2676955827568,81,1999,249.43427354976052,6.271037887779697,0.0,420,490,520,560,700,820,1000,1200,1900,2000,2000
PUT,set_key_39,1915,1,390,426.6704960835509,83,18360,251.18120104438643,6.391185500318318,0.0033374336816283643,390,450,490,510,620,760,990,1100,2000,18000,18000
PUT,set_key_4,1805,0,420,460.5063711911357,83,2000,245.4376731301939,6.024067795339198,0.0,420,490,530,570,710,830,1000,1300,1900,2000,2000
PUT,set_key_40,1943,0,410,457.2012352032939,83,2747,252.03654143077713,6.484633643403912,0.0,410,490,530,560,700,820,1200,1500,2500,2700,2700
PUT,set_key_41,1787,0,380,404.07666480134304,80,2505,252.3228875209849,5.963993989069887,0.0,380,430,480,510,620,750,940,1200,1600,2500,2500
PUT,set_key_42,1886,0,350,375.9628844114528,82,2241,249.3457051961824,6.294399923551095,0.0,350,400,450,480,550,660,950,1100,2000,2200,2200
PUT,set_key_43,1900,0,410,444.7194736842105,83,1979,252.04736842105262,6.341123995093892,0.0,410,480,520,550,680,800,1000,1200,1700,2000,2000
PUT,set_key_44,1837,0,410,452.2427871529668,81,1997,252.0484485574306,6.130865673151305,0.0,410,480,520,560,680,850,1100,1300,2000,2000,2000
PUT,set_key_45,1969,0,350,371.5733875063484,82,1719,249.31081767394616,6.571406919126249,0.0,350,410,450,480,540,640,790,930,1700,1700,1700
PUT,set_key_46,1889,0,400,421.3626257278984,83,2007,249.33880359978824,6.30441222459598,0.0,400,460,500,520,630,750,920,1100,2000,2000,2000
PUT,set_key_47,1872,0,410,448.15438034188037,86,1995,252.0844017094017,6.247675852008298,0.0,410,480,520,560,670,800,1000,1200,2000,2000,2000
PUT,set_key_48,1857,0,400,426.14970382337106,83,2523,249.26386645126547,6.1976143467838725,0.0,400,460,500,520,630,750,970,1200,2000,2500,2500
PUT,set_key_49,1945,0,400,444.5249357326478,84,2736,252.06221079691517,6.491308510767168,0.0,400,470,510,550,680,820,1000,1200,1900,2700,2700
PUT,set_key_5,1905,0,370,400.69501312335956,81,2879,248.36220472440945,6.357811163502034,0.0,370,430,480,500,610,740,980,1200,2100,2900,2900
PUT,set_key_50,1845,0,400,437.649864498645,83,2116,252.0509485094851,6.157565142604332,0.0,400,470,500,530,670,800,1000,1200,2000,2100,2100
PUT,set_key_51,1917,0,410,443.84194053208137,82,2239,252.04642670839854,6.397860367681575,0.0,410,480,520,560,670,790,1000,1200,1700,2200,2200
PUT,set_key_52,1852,0,390,422.5134989200864,81,2277,249.31425485961122,6.180927178375731,0.0,390,450,490,520,620,760,950,1200,2200,2300,2300
PUT,set_key_53,1855,0,430,455.911051212938,78,2246,248.23827493261456,6.190939479420615,0.0,430,500,530,570,690,820,990,1200,2000,2200,2200
PUT,set_key_54,1866,0,410,452.52625937834944,88,1999,252.07395498392282,6.2276512499185275,0.0,410,490,520,560,690,820,1000,1200,1800,2000,2000
PUT,set_key_55,1820,0,410,450.7478021978022,86,2026,252.09395604395604,6.074129300563623,0.0,410,480,520,560,670,830,1000,1300,2000,2000,2000
PUT,set_key_56,1884,0,410,459.79723991507433,84,2497,249.41825902335455,6.287725056187838,0.0,410,490,530,570,700,840,1100,1400,2200,2500,2500
PUT,set_key_57,1901,0,350,380.82482903734876,82,2033,249.28300894266175,6.344461428775521,0.0,350,410,460,490,560,680,910,1100,2000,2000,2000
PUT,set_key_58,1882,1,360,406.23485653560044,81,18323,252.25929861849096,6.281050188824581,0.0033374336816283643,360,420,470,500,590,740,1000,1300,1800,18000,18000
PUT,set_key_59,1829,0,390,423.31765992345544,83,2204,251.29524330235103,6.104166203698278,0.0,390,460,500,520,640,760,1000,1200,2200,2200,2200
PUT,set_key_6,1852,0,420,461.0124190064795,82,1960,245.4427645788337,6.180927178375731,0.0,420,500,540,580,710,850,1100,1300,1900,2000,2000
PUT,set_key_60,1900,0,390,423.11368421052634,84,2690,249.36,6.341123995093892,0.0,390,460,500,530,630,750,970,1100,2000,2700,2700
PUT,set_key_61,1843,0,390,417.1535539880629,82,1876,251.39717851329354,6.150890275241076,0.0,390,450,490,520,630,750,970,1200,1800,1900,1900
PUT,set_key_62,1885,0,380,407.4201591511936,82,2212,252.31936339522545,6.291062489869467,0.0,380,440,490,510,600,750,1000,1200,2000,2200,2200
PUT,set_key_63,1819,0,390,427.24683892248487,79,2168,249.38647608576142,6.0707918668819945,0.0,390,460,500,530,630,750,1000,1100,2000,2200,2200
PUT,set_key_64,1902,0,410,452.4458464773922,81,2005,252.04942166140904,6.347798862457148,0.0,410,480,520,560,700,860,1200,1300,2000,2000,2000
PUT,set_key_65,1835,0,400,450.5776566757493,82,3401,252.01307901907356,6.124190805788048,0.0,400,480,520,560,680,830,1100,1400,2600,3400,3400
PUT,set_key_66,1854,0,420,469.445523193096,83,2510,249.43257820927724,6.187602045738987,0.0,420,490,540,580,720,880,1100,1300,2500,2500,2500
PUT,set_key_67,1867,0,360,379.5586502410284,81,2009,249.35618639528656,6.230988683600156,0.0,360,410,450,480,550,660,930,1100,1800,2000,2000
PUT,set_key_68,1853,0,390,423.1991365353481,90,2633,249.26335671883433,6.184264612057359,0.0,390,450,490,510,620,750,990,1200,2100,2600,2600
PUT,set_key_69,1905,0,380,416.6419947506562,80,2445,251.38477690288713,6.357811163502034,0.0,380,450,490,510,620,750,1000,1200,2200,2400,2400
PUT,set_key_7,1850,0,410,450.2437837837838,84,2001,248.07135135135135,6.174252311012474,0.0,410,480,520,560,670,780,1100,1300,1900,2000,2000
PUT,set_key_70,1869,0,380,397.3242375601926,82,1984,252.3242375601926,6.237663550963413,0.0,380,430,480,500,600,710,900,1000,1700,2000,2000
PUT,set_key_71,1938,0,360,377.1078431372549,82,1999,249.34055727554178,6.46794647499577,0.0,360,410,460,480,570,680,910,1100,1800,2000,2000
PUT,set_key_72,1882,0,390,415.7529224229543,83,1756,249.32093517534537,6.281050188824581,0.0,390,460,500,520,600,700,900,1100,1700,1800,1800
PUT,set_key_73,1938,0,400,424.9643962848297,83,1983,251.38183694530443,6.46794647499577,0.0,400,460,500,520,640,750,980,1200,1900,2000,2000
PUT,set_key_74,1907,0,390,411.47614053487155,80,2164,251.29785002621918,6.36448603086529,0.0,390,450,500,520,620,740,920,1000,1900,2200,2200
PUT,set_key_75,1856,0,350,373.86099137931035,80,1964,249.35775862068965,6.194276913102244,0.0,350,400,450,480,550,650,800,1000,1600,2000,2000
PUT,set_key_76,1846,0,350,373.9349945828819,83,1997,249.40195016251354,6.16090257628596,0.0,350,410,450,480,550,630,830,1000,2000,2000,2000
PUT,set_key_77,1883,0,400,424.01433882103026,83,2022,249.33244822092405,6.28438762250621,0.0,400,460,500,520,630,750,1000,1200,2000,2000,2000
PUT,set_key_78,1819,0,390,423.566794942276,84,1979,249.2803738317757,6.0707918668819945,0.0,390,460,490,520,620,750,970,1200,2000,2000,2000
PUT,set_key_79,1897,1,390,426.78966789667896,86,18312,251.1112282551397,6.331111694049007,0.0033374336816283643,390,460,500,510,600,730,950,1100,2400,18000,18000
PUT,set_key_8,1862,0,380,402.04403866809884,82,1996,248.33082706766916,6.214301515192014,0.0,380,430,480,500,600,750,980,1100,1700,2000,2000
PUT,set_key_80,1876,0,400,423.5261194029851,86,2213,251.3043710021322,6.261025586734811,0.0,400,460,500,530,640,760,960,1200,2000,2200,2200
PUT,set_key_81,1812,0,390,417.85209713024284,82,1662,251.3002207505519,6.047429831110596,0.0,390,460,500,520,630,750,940,1000,1500,1700,1700
PUT,set_key_82,1835,0,410,448.732970027248,81,2014,248.1841961852861,6.124190805788048,0.0,410,480,520,560,680,830,1000,1200,1800,2000,2000
PUT,set_key_83,1875,0,390,422.3781333333333,81,2245,251.3168,6.2576881530531825,0.0,390,460,500,520,630,760,970,1300,2000,2200,2200
PUT,set_key_84,1894,0,420,453.4730728616684,81,2706,252.05279831045408,6.321099393004122,0.0,420,480,520,560,690,830,1100,1300,2200,2700,2700
PUT,set_key_85,1843,0,350,371.13076505697234,84,1997,249.28974498100922,6.150890275241076,0.0,350,410,450,470,540,640,850,1000,1800,2000,2000
PUT,set_key_86,1864,0,350,368.524678111588,80,1990,249.34763948497854,6.220976382555271,0.0,350,410,450,480,540,610,770,990,1700,2000,2000
PUT,set_key_87,1843,0,410,449.7107976125882,89,1996,248.16711882799783,6.150890275241076,0.0,410,480,520,550,680,810,1000,1300,1800,2000,2000
PUT,set_key_88,1875,0,390,418.3845333333333,82,2047,249.34666666666666,6.2576881530531825,0.0,390,460,500,520,620,720,910,1200,1800,2000,2000
PUT,set_key_89,1855,0,370,401.8371967654987,82,1999,252.33369272237198,6.190939479420615,0.0,370,440,490,510,610,720,980,1200,2000,2000,2000
PUT,set_key_9,1813,0,420,463.5681191395477,91,2438,245.426916712631,6.050767264792224,0.0,420,490,530,570,710,860,1100,1300,2000,2400,2400
PUT,set_key_90,1914,0,370,397.62068965517244,79,3098,252.2612330198537,6.387848066636689,0.0,370,420,470,500,600,750,920,1000,2000,3100,3100
PUT,set_key_91,1875,0,380,400.5466666666667,81,1997,252.3104,6.2576881530531825,0.0,380,430,480,500,600,710,900,1000,1700,2000,2000
PUT,set_key_92,1854,0,370,401.1062567421791,80,1961,252.319309600863,6.187602045738987,0.0,370,430,480,500,600,740,990,1200,1700,2000,2000
PUT,set_key_93,1858,0,410,456.27395048439183,88,2255,248.22066738428418,6.200951780465501,0.0,410,490,530,570,700,830,1100,1300,2000,2300,2300
PUT,set_key_94,1855,0,410,451.76873315363883,92,1996,248.15741239892182,6.190939479420615,0.0,410,490,520,570,690,800,1000,1200,2000,2000,2000
PUT,set_key_95,1840,0,400,441.2413043478261,84,2302,252.00760869565218,6.14087797419619,0.0,400,470,510,540,660,800,1000,1300,2000,2300,2300
PUT,set_key_96,1860,0,400,440.02204301075267,84,2211,251.96774193548387,6.207626647828757,0.0,400,470,510,540,670,790,1000,1300,2100,2200,2200
PUT,set_key_97,1828,0,370,394.2078774617068,82,2500,252.31181619256017,6.1008287700166495,0.0,370,420,470,500,580,700,950,1200,2000,2500,2500
PUT,set_key_98,1865,0,390,421.73994638069706,82,1984,251.3764075067024,6.224313816236899,0.0,390,460,500,530,650,760,990,1200,1900,2000,2000
PUT,set_key_99,1867,1,420,466.6711301553294,82,18317,249.2415640064274,6.230988683600156,0.0033374336816283643,420,490,530,570,700,830,1000,1200,2100,18000,18000
,Aggregated,376371,7,360,390.4542539143558,75,18360,182.3336016855709,1256.113252188149,0.02336203577139855,360,420,470,500,580,710,930,1100,1800,2500,18000
