Timestamp,User Count,Type,Name,Requests/s,Failures/s,50%,66%,75%,80%,90%,95%,98%,99%,99.9%,99.99%,100%,Total Request Count,Total Failure Count,Total Median Response Time,Total Average Response Time,Total Min Response Time,Total Max Response Time,Total Average Content Size
1650826178,0,,Aggregated,0.000000,0.000000,N/A,N/A,N/A,N/A,N/A,N/A,N/A,N/A,N/A,N/A,N/A,0,0,0,0,0,0,0
1650826179,50,,Aggregated,0.000000,0.000000,48,48,48,48,48,48,48,48,48,48,48,1,1,48,48.0,48,48,0.0
1650826180,100,,Aggregated,0.000000,0.000000,120,160,210,270,430,1100,1100,1100,1200,1200,1200,388,1,120,215.43556701030928,48,1160,165.54123711340208
1650826181,150,,Aggregated,1.000000,1.000000,180,240,290,320,430,1100,2100,2100,2100,2100,2100,994,1,180,278.0633802816901,48,2122,170.61368209255534
1650826182,200,,Aggregated,10.500000,0.500000,220,290,320,350,430,590,1200,2100,2100,2100,2100,1598,1,220,283.9868585732165,48,2122,174.1839799749687
1650826183,250,,Aggregated,171.333333,0.333333,250,320,360,380,460,590,1100,2100,2100,2100,2100,2363,21,250,293.8027930596699,39,2122,174.46847228099872
1650826184,300,,Aggregated,277.000000,0.250000,270,340,390,420,520,660,910,1300,2100,2100,2100,3160,32,270,310.3965189873418,38,2122,175.375
1650826185,350,,Aggregated,343.000000,4.200000,290,370,420,460,580,710,910,1100,2100,2100,2100,3912,40,290,330.12167689161555,38,2122,175.86196319018404
1650826186,400,,Aggregated,412.666667,5.333333,320,410,490,560,780,910,1100,1200,2100,2100,2100,4618,46,320,384.96210480727586,38,2122,176.518406236466
1650826187,450,,Aggregated,467.428571,5.714286,340,470,520,580,840,960,1100,1200,2100,2100,2100,5093,46,340,410.0058904378559,38,2122,176.83447869624976
1650826188,500,,Aggregated,509.750000,5.750000,380,500,550,620,900,1000,1400,1500,2100,2100,2100,5751,46,380,443.9480090419058,38,2122,176.97669970439924
1650826189,500,,Aggregated,513.111111,5.111111,410,520,590,680,890,1000,1400,1500,2100,2100,2100,6699,46,410,468.99880579190926,38,2122,177.2710852366025
1650826190,500,,Aggregated,511.400000,4.600000,460,530,600,700,920,1000,1300,1500,2100,2100,2100,7589,46,460,483.01937014099354,38,2122,177.33364079588878
1650826191,500,,Aggregated,582.100000,4.500000,460,530,600,670,900,1000,1300,1500,2100,2100,2100,8524,46,460,479.77803847958705,38,2122,177.5439934303144
1650826192,500,,Aggregated,672.400000,4.500000,460,540,600,670,880,1000,1200,1400,2100,2100,2100,9624,46,460,478.29332917705733,38,2122,177.62375311720697
1650826193,500,,Aggregated,713.400000,4.500000,460,540,600,670,870,990,1100,1400,2100,2100,2100,10694,46,460,477.6802880119693,38,2122,178.00364690480643
1650826194,500,,Aggregated,752.600000,4.500000,470,540,610,670,860,980,1100,1400,2100,2100,2100,11739,46,470,478.19677996422183,38,2122,178.08842320470228
1650826195,500,,Aggregated,796.100000,2.500000,470,550,610,670,850,980,1100,1400,2100,2100,2100,12826,46,470,476.6725401528146,38,2122,178.18774364571962
1650826196,500,,Aggregated,827.300000,1.400000,470,550,610,670,840,980,1100,1400,2100,2100,2100,13885,46,470,477.02743968311125,38,2122,178.4460929060137
1650826197,500,,Aggregated,851.400000,0.600000,470,550,620,670,840,970,1100,1300,2100,2100,2100,15022,46,470,476.304020769538,38,2122,178.5659699107975
1650826198,500,,Aggregated,877.200000,0.000000,470,550,620,670,830,960,1100,1300,2100,2100,2100,16061,46,470,475.1215989041778,38,2122,178.7137787186352
1650826199,500,,Aggregated,931.600000,0.000000,470,560,620,670,830,960,1100,1300,2100,2100,2100,17098,46,470,475.2985729325067,38,2122,178.8579950871447
1650826201,500,,Aggregated,1024.700000,0.000000,470,560,620,670,820,950,1100,1300,2100,2100,2100,18161,46,470,474.9818842574748,38,2122,178.9437255657728
1650826202,500,,Aggregated,1035.300000,0.000000,470,560,620,670,820,940,1100,1300,2100,2100,2100,19259,46,470,474.52879173373486,38,2122,179.03027156134794
1650826203,500,,Aggregated,1050.700000,0.000000,470,560,620,670,820,940,1100,1200,2100,2100,2100,20348,46,470,474.06614900727345,38,2122,179.16075289954787
1650826204,500,,Aggregated,1060.500000,0.000000,470,560,620,670,820,940,1100,1200,2100,2100,2100,21439,46,470,473.84906012407293,38,2122,179.226596389757
1650826205,500,,Aggregated,1063.900000,0.000000,470,560,620,680,810,940,1100,1200,2100,2100,2100,22481,46,470,474.6664739113029,38,2122,179.25092300164584
1650826206,500,,Aggregated,1061.700000,0.000000,470,560,620,680,810,940,1100,1200,2100,2100,2100,23492,46,470,474.768261535842,38,2122,179.34735229014132
1650826207,500,,Aggregated,1063.000000,0.000000,480,570,620,680,810,930,1100,1200,2100,2100,2100,24549,46,480,475.713104403438,38,2122,179.33960650128316
1650826208,500,,Aggregated,1054.800000,0.000000,480,570,620,680,810,930,1100,1200,2100,2100,2100,25582,46,480,476.09835040262686,38,2122,179.48338675631302
1650826209,500,,Aggregated,1050.600000,0.000000,480,570,620,680,800,930,1100,1200,2100,2100,2100,26689,46,480,475.5966128367492,38,2122,179.5130578140807
1650826210,500,,Aggregated,1042.800000,0.000000,480,570,620,680,800,920,1000,1200,2100,2100,2100,27768,46,480,474.9553802938634,38,2122,179.52373235378855
1650826211,500,,Aggregated,1045.900000,0.000000,480,570,620,670,800,920,1000,1200,2100,2100,2100,28867,46,480,474.43180794679046,38,2122,179.58585928568954
1650826212,500,,Aggregated,1054.300000,0.000000,480,570,630,680,800,920,1000,1100,2000,2100,2100,29990,46,480,474.7730243414471,38,2122,179.6189063021007
1650826213,500,,Aggregated,1054.300000,0.000000,480,570,630,680,800,920,1000,1100,2000,2100,2100,31008,46,480,474.765576625387,38,2122,179.64696207430342
1650826214,500,,Aggregated,1050.100000,0.000000,480,570,630,680,800,920,1000,1100,1800,2100,2100,32076,46,480,474.34184436962215,38,2122,179.68658810325476
1650826215,500,,Aggregated,1046.400000,0.000000,480,570,630,680,800,910,1000,1100,1600,2100,2100,33129,46,480,474.63421775483715,38,2122,179.70961997041866
1650826216,500,,Aggregated,1051.200000,0.000000,480,570,630,680,800,910,1000,1100,1600,2100,2100,34211,46,480,474.5286019116658,38,2122,179.71120399871387
1650826217,500,,Aggregated,1049.100000,0.000000,480,570,630,680,800,910,1000,1100,1600,2100,2100,35279,46,480,474.67462229655035,38,2122,179.74267978117294
1650826218,500,,Aggregated,1057.500000,0.000000,480,580,630,680,800,910,1000,1100,1600,2100,2100,36270,46,480,475.27322856355113,38,2122,179.77956989247312
1650826219,500,,Aggregated,1058.000000,0.000000,480,580,630,680,800,910,1000,1100,1500,2100,2100,37347,46,480,475.55402040324526,38,2122,179.81149757677994
1650826220,500,,Aggregated,1052.000000,0.000000,480,580,630,680,800,910,1000,1100,1500,2100,2100,38381,46,480,475.73856856257004,38,2122,179.82652875120502
1650826221,500,,Aggregated,1050.500000,0.000000,480,580,630,680,800,910,1000,1100,1500,2100,2100,39429,46,480,475.6412031753278,38,2122,179.82763955464253
1650826222,500,,Aggregated,1044.300000,0.000000,480,580,630,680,800,910,1000,1100,1500,2100,2100,40446,46,480,476.14288186718096,38,2122,179.85951639222668
1650826223,500,,Aggregated,1044.000000,0.000000,480,580,630,680,800,910,1000,1100,1500,2100,2100,41536,46,480,476.35781009244994,38,2122,179.90312018489985
1650826224,500,,Aggregated,1038.600000,0.000000,480,580,630,680,800,910,1000,1100,1500,2100,2100,42604,46,480,477.3780865646418,38,2122,179.8994225894282
1650826225,500,,Aggregated,1035.800000,0.000000,480,580,630,680,800,910,1000,1100,1500,2100,2100,43573,46,480,477.4478690932458,38,2122,179.95065751726986
1650826226,500,,Aggregated,1020.400000,0.000000,480,580,630,680,800,910,1000,1100,1500,2100,2100,44641,46,480,477.3870433010013,38,2122,179.9321475773392
1650826227,500,,Aggregated,1026.300000,0.000000,480,580,630,680,800,910,1000,1100,1500,2100,2100,45713,46,480,477.23905672347036,38,2122,179.9617833001553
1650826228,500,,Aggregated,1025.900000,0.000000,480,580,630,680,800,910,1000,1100,1500,2100,2100,46792,46,480,477.3531372884254,38,2122,179.97888527953495
1650826229,500,,Aggregated,1024.800000,0.000000,480,580,640,680,800,910,1000,1100,1500,2100,2100,47797,46,480,477.4169926982865,38,2122,179.9720066112936
1650826230,500,,Aggregated,1030.700000,0.000000,480,580,640,680,800,910,1000,1100,1500,2100,2100,48802,46,480,478.00614728904554,38,2122,179.99569689766813
1650826231,500,,Aggregated,1029.200000,0.000000,480,580,640,680,800,910,1000,1100,1500,2100,2100,49871,46,480,478.22251408634276,38,2122,179.99799482665276
1650826232,500,,Aggregated,1026.100000,0.000000,480,580,640,680,800,910,1000,1100,1500,2100,2100,50932,46,480,478.2220018848661,38,2122,180.04941883295373
1650826233,500,,Aggregated,1020.300000,0.000000,480,580,640,680,800,910,1000,1100,1500,2100,2100,52077,46,480,477.9735583846996,38,2122,180.02759375540066
1650826234,500,,Aggregated,1025.800000,0.000000,480,580,640,680,800,910,1000,1100,1500,2100,2100,53170,46,480,477.5101937182622,38,2122,180.0583411698326
1650826235,500,,Aggregated,1030.300000,0.000000,480,580,640,680,800,910,1000,1100,1500,2100,2100,54282,46,480,476.98616484285765,38,2122,180.05867506724144
1650826236,500,,Aggregated,1048.200000,0.000000,480,580,640,680,800,910,1000,1100,1500,2100,2100,55318,46,480,477.1099099750533,38,2122,180.0996963013847
1650826237,500,,Aggregated,1049.200000,0.000000,480,580,640,680,800,910,1000,1100,1500,2100,2100,56416,46,480,476.6806402439024,38,2122,180.10954339194555
1650826238,500,,Aggregated,1047.300000,0.000000,480,580,640,680,800,900,1000,1100,1500,2100,2100,57547,46,480,476.2641319269467,38,2122,180.10546162267363
1650826239,500,,Aggregated,1050.300000,0.000000,480,580,640,680,800,900,1000,1100,1500,2100,2100,58646,46,480,476.0848139685571,38,2122,180.11453466562085
1650826240,500,,Aggregated,1057.500000,0.000000,480,580,640,680,800,900,1000,1100,1500,2100,2100,59712,46,480,475.91460677920685,38,2122,180.10830318863879
1650826241,500,,Aggregated,1062.500000,0.000000,480,580,640,680,800,900,1000,1100,1500,2100,2100,60749,46,480,476.2726629244926,38,2122,180.15190373504092
1650826242,500,,Aggregated,1068.900000,0.000000,480,580,640,680,800,900,1000,1100,1500,2100,2100,61793,46,480,476.20168951175697,38,2122,180.14577702976067
1650826243,500,,Aggregated,1069.800000,0.000000,480,580,640,680,800,900,1000,1100,1500,2100,2100,62890,46,480,476.4329623151534,38,2122,180.1456034345683
1650826244,500,,Aggregated,1070.500000,0.000000,480,580,640,680,800,900,1000,1100,1500,2100,2100,63944,46,480,476.45058175903915,38,2122,180.17219754785438
1650826245,500,,Aggregated,1071.400000,0.000000,480,580,640,680,800,900,1000,1100,1500,2100,2100,65037,46,480,476.2935098482402,38,2122,180.19352061134433
1650826246,500,,Aggregated,1058.600000,0.000000,480,580,640,680,800,900,1000,1100,1500,2100,2100,66110,46,480,476.2739525034034,38,2122,180.15484798063832
1650826247,500,,Aggregated,1056.800000,0.000000,480,580,640,680,800,900,1000,1100,1500,2100,2100,67168,46,480,476.42296927108146,38,2122,180.18409063839923
1650826248,500,,Aggregated,1057.500000,0.000000,480,580,640,680,800,900,1000,1100,1500,2100,2100,68270,46,480,476.39203163908013,38,2122,180.18807675406475
1650826249,500,,Aggregated,1055.400000,0.000000,480,580,640,680,800,900,1000,1100,1500,2100,2100,69380,46,480,475.969976938599,38,2122,180.19926491784375
1650826250,500,,Aggregated,1049.500000,0.000000,480,580,640,680,790,900,1000,1100,1500,2100,2100,70474,46,480,475.66384766013,38,2122,180.19665408519455
1650826251,500,,Aggregated,1049.400000,0.000000,480,580,640,680,790,900,1000,1100,1500,2100,2100,71564,46,480,475.6544771113968,38,2122,180.2205997428875
1650826252,500,,Aggregated,1053.500000,0.000000,480,580,640,680,790,900,1000,1100,1500,2100,2100,72630,46,480,475.6391711414016,38,2122,180.22386066363762
1650826253,500,,Aggregated,1056.700000,0.000000,480,580,640,680,790,900,1000,1100,1500,2100,2100,73713,46,480,475.521224207399,38,2122,180.2274904019644
1650826254,500,,Aggregated,1058.700000,0.000000,480,580,640,680,790,900,1000,1100,1500,2100,2100,74801,46,480,475.5968503094878,38,2122,180.2440074330557
1650826255,500,,Aggregated,1059.400000,0.000000,480,580,640,680,790,900,1000,1100,1500,2100,2100,75863,46,480,475.3472180114153,38,2122,180.2492387593425
1650826256,500,,Aggregated,1061.600000,0.000000,480,580,640,680,790,900,1000,1100,1500,2100,2100,76941,46,480,475.4110552241328,38,2122,180.2884547900339
1650826258,500,,Aggregated,1060.800000,0.000000,480,580,640,680,790,900,1000,1100,1500,2100,2100,78001,46,480,475.31318829245777,38,2122,180.28154767246573
1650826259,500,,Aggregated,1061.600000,0.000000,480,580,640,680,790,900,1000,1100,1500,2100,2100,79050,46,480,475.3203415559772,38,2122,180.30064516129033
1650826260,500,,Aggregated,1062.400000,0.000000,480,580,640,680,790,900,1000,1100,1500,2100,2100,80151,46,480,475.5441104914474,38,2122,180.32155556387318
1650826261,500,,Aggregated,1059.000000,0.000000,480,580,640,680,790,900,1000,1100,1500,2100,2100,81187,46,480,475.5567640139431,38,2122,180.33164176530727
1650826262,500,,Aggregated,1052.300000,0.000000,480,580,640,680,790,900,1000,1100,1500,2100,2100,82302,46,480,475.57211246385265,38,2122,180.34959053242935
1650826263,500,,Aggregated,1051.500000,0.000000,480,580,640,680,790,900,1000,1100,1500,2100,2100,83403,46,480,475.19126410320973,38,2122,180.36457921177896
1650826264,500,,Aggregated,1046.000000,0.000000,480,580,640,680,790,900,1000,1100,1500,2100,2100,84504,46,480,474.96868787276344,38,2122,180.36853876739562
1650826265,500,,Aggregated,1052.600000,0.000000,480,580,640,680,790,900,1000,1100,1500,2100,2100,85367,46,480,474.89176145348904,38,2122,180.3835908489229
1650826266,500,,Aggregated,1060.500000,0.000000,480,580,640,680,790,900,1000,1100,1500,2100,2100,86542,46,480,475.5737792054725,38,2122,180.4151972452682
1650826267,500,,Aggregated,1048.700000,0.000000,480,580,640,680,790,900,1000,1100,1500,2100,2100,87596,46,480,475.6820516918581,38,2122,180.4018448330974
1650826268,500,,Aggregated,1045.200000,0.000000,480,580,640,680,790,900,1000,1100,1500,2100,2100,88701,46,480,475.6153707399015,38,2122,180.4018556724276
1650826269,500,,Aggregated,1042.600000,0.000000,480,580,640,680,790,900,1000,1100,1500,2100,2100,89749,46,480,475.4959720999677,38,2122,180.41089037203758
1650826270,500,,Aggregated,1044.800000,0.000000,480,580,640,680,790,900,1000,1100,1500,2100,2100,90830,46,480,475.4207310360013,38,2122,180.43197181547947
1650826271,500,,Aggregated,1049.900000,0.000000,480,580,640,680,790,900,1000,1100,1500,2100,2100,91918,46,480,475.5537109162514,38,2122,180.44765987075436
1650826272,500,,Aggregated,1049.500000,0.000000,480,580,640,680,790,900,1000,1100,1500,2100,2100,92985,46,480,475.51248050760876,38,2122,180.4554928214228
1650826273,500,,Aggregated,1048.900000,0.000000,480,580,640,680,790,900,1000,1100,1500,2100,2100,94036,46,480,475.78807052618146,38,2122,180.47565825853928
1650826274,500,,Aggregated,1050.900000,0.000000,480,580,640,680,790,900,1000,1100,1500,2100,2100,95116,46,480,475.6282644350057,38,2122,180.49205181042095
1650826275,500,,Aggregated,1037.900000,0.000000,480,580,640,680,790,900,1000,1100,1500,2100,2100,96214,46,480,475.6006818134575,38,2122,180.51005051239943
1650826276,500,,Aggregated,1035.700000,0.000000,480,580,640,680,790,890,1000,1100,1500,2100,2100,97308,46,480,475.4252784971431,38,2122,180.5223106013894
1650826277,500,,Aggregated,1047.400000,0.000000,480,580,640,680,790,890,1000,1100,1500,2100,2100,98412,46,480,475.2490549932935,38,2122,180.5435719221233
1650826278,500,,Aggregated,1053.800000,0.000000,480,580,640,680,790,890,1000,1100,1500,2100,2100,99507,46,480,475.35088988714364,38,2122,180.54495663621654
1650826279,500,,Aggregated,1059.700000,0.000000,480,580,640,680,790,890,1000,1100,1500,2100,2100,100577,46,480,475.10852381757263,38,2122,180.5641945971743
1650826280,500,,Aggregated,1054.000000,0.000000,480,580,640,680,790,890,1000,1100,1500,2100,2100,101638,46,480,475.1853047088687,38,2122,180.5672091147012
1650826281,500,,Aggregated,1051.600000,0.000000,480,580,640,680,790,890,1000,1100,1500,2100,2100,102740,46,480,475.07385633638313,38,2122,180.5863344364415
1650826282,500,,Aggregated,1054.300000,0.000000,480,580,640,680,790,890,1000,1100,1500,2100,2100,103837,46,480,475.0169207507921,38,2122,180.60992709727748
1650826283,500,,Aggregated,1060.200000,0.000000,480,580,640,680,790,890,1000,1100,1500,2100,2100,104927,46,480,475.0989735721025,38,2122,180.63036206124258
1650826284,500,,Aggregated,1061.200000,0.000000,480,580,640,680,790,890,1000,1100,1500,2100,2100,105941,46,480,475.2107493793715,38,2122,180.6339283185924
1650826285,500,,Aggregated,1063.100000,0.000000,480,580,640,680,790,890,1000,1100,1500,2100,2100,106998,46,480,475.2315650759827,38,2122,180.67046113011457
1650826286,500,,Aggregated,1052.200000,0.000000,480,580,640,680,790,890,1000,1100,1500,2100,2100,108054,46,480,475.24065744905323,38,2122,180.68920169544856
1650826287,500,,Aggregated,1056.300000,0.000000,480,580,640,680,790,890,1000,1100,1500,2100,2100,109156,46,480,475.376268826267,38,2122,180.68491883176372
1650826288,500,,Aggregated,1055.000000,0.000000,480,580,640,680,790,890,1000,1100,1500,2100,2100,110274,46,480,474.9949398770336,38,2122,180.70460852059415
1650826289,500,,Aggregated,1047.000000,0.000000,480,580,640,680,790,890,1000,1100,1500,2100,2100,111423,46,480,474.72916722759214,38,2122,180.72482342065823
1650826290,500,,Aggregated,1052.300000,0.000000,480,580,640,680,790,890,1000,1100,1500,2100,2100,112524,46,480,474.76946251466353,38,2122,180.7472716931499
1650826291,500,,Aggregated,1061.800000,0.000000,480,580,640,680,790,890,1000,1100,1500,2100,2100,113553,46,480,474.7118085827763,38,2122,180.76279798860443
1650826292,500,,Aggregated,1062.000000,0.000000,480,580,640,680,790,890,1000,1100,1500,2100,2100,114709,46,480,474.44000034870845,38,2122,180.77003548108692
1650826293,500,,Aggregated,1059.700000,0.000000,480,580,640,680,790,890,1000,1100,1500,2100,2100,115791,46,480,474.38870896701815,38,2122,180.79748857855964
1650826294,500,,Aggregated,1059.200000,0.000000,480,580,640,680,790,890,1000,1100,1500,2100,2100,116862,46,480,474.33800551077337,38,2122,180.80082490458832
1650826295,500,,Aggregated,1067.400000,0.000000,480,580,640,680,790,890,1000,1100,1500,2100,2100,117918,46,480,474.4097847656846,38,2122,180.80413507691785
1650826296,500,,Aggregated,1080.200000,0.000000,480,580,640,680,790,890,1000,1100,1500,2100,2100,119004,46,480,474.40797788309635,38,2122,180.83758529125072
1650826297,500,,Aggregated,1071.000000,0.000000,480,580,640,680,790,890,1000,1100,1500,2100,2100,119914,46,480,475.3214303584235,38,2122,180.83498173691146
1650826298,500,,Aggregated,1068.800000,0.000000,480,590,640,680,790,890,1000,1100,1500,2100,2100,120477,46,480,476.4246785693535,38,2122,180.84941524108336
1650826299,500,,Aggregated,1075.800000,0.000000,480,580,640,680,790,890,1000,1100,1500,2100,2100,121601,46,480,477.0848594995107,38,2122,180.878249356502
1650826300,500,,Aggregated,1040.600000,0.000000,490,580,640,680,790,890,1000,1100,1500,2100,2100,122506,46,490,477.5905506669061,38,2122,180.87894470474916
1650826301,500,,Aggregated,1004.900000,0.000000,490,580,640,680,790,890,1000,1100,1500,2100,2100,123444,46,490,477.97837075921063,38,2122,180.8889050905674
1650826303,500,,Aggregated,977.700000,0.000000,490,580,640,680,790,890,1000,1100,1500,2100,2100,124300,46,490,478.3218905872888,38,2122,180.89100563153661
1650826304,500,,Aggregated,959.500000,0.000000,490,580,640,680,790,890,1000,1100,1500,2100,2100,125197,46,490,478.7988929447191,38,2122,180.89414283089852
1650826305,500,,Aggregated,930.700000,0.000000,490,580,640,680,790,890,1000,1100,1500,2100,2100,126392,46,490,479.22258529020826,38,2122,180.91990790556363
1650826306,500,,Aggregated,913.000000,0.000000,490,580,640,680,790,900,1000,1100,1500,2100,2100,127343,46,490,479.4418617434802,38,2122,180.93195542746756
1650826307,500,,Aggregated,910.100000,0.000000,490,580,640,680,790,900,1000,1100,1500,2100,2100,128381,46,490,479.5239638264229,38,2122,180.94089468067705
1650826308,500,,Aggregated,908.200000,0.000000,490,580,640,680,790,900,1000,1100,1500,2100,2100,129438,46,490,479.514138042924,38,2122,180.97444336284553
1650826309,500,,Aggregated,904.500000,0.000000,490,580,640,680,790,900,1000,1100,1500,2100,2100,130511,46,490,479.5576388197164,38,2122,180.99072875083326
1650826310,500,,Aggregated,940.100000,0.000000,490,580,640,680,790,900,1000,1100,1500,2100,2100,131450,46,490,479.885789273488,38,2122,181.00702928870294
1650826311,500,,Aggregated,967.800000,0.000000,490,580,640,680,790,900,1000,1100,1500,2100,2100,132557,46,490,479.8674457026034,38,2122,181.0206778970556
1650826312,500,,Aggregated,969.600000,0.000000,490,580,640,680,790,900,1000,1100,1400,2100,2100,133578,46,490,479.9793004836126,38,2122,181.0414364640884
1650826313,500,,Aggregated,981.600000,0.000000,490,580,640,680,790,900,1000,1100,1400,2100,2100,134569,46,490,480.0667167029554,38,2122,181.06670927182338
1650826314,500,,Aggregated,997.900000,0.000000,490,580,640,680,790,900,1000,1100,1400,2100,2100,135692,46,490,479.95860478141674,38,2122,181.06204492527195
1650826315,500,,Aggregated,1005.700000,0.000000,490,580,640,680,790,900,1000,1100,1400,2100,2100,136725,46,490,480.0955128908393,38,2122,181.07852258182484
1650826316,500,,Aggregated,1014.000000,0.000000,490,580,640,680,790,900,1000,1100,1400,2100,2100,137685,46,490,480.27443076587866,38,2122,181.0976141191851
1650826317,500,,Aggregated,1010.400000,0.000000,490,580,640,680,790,900,1000,1100,1400,2100,2100,138776,46,490,480.28901250936764,38,2122,181.11426327318844
1650826318,500,,Aggregated,1011.800000,0.000000,490,580,640,680,790,900,1000,1100,1400,2100,2100,139885,46,490,480.02935268256067,38,2122,181.1346820602638
1650826319,500,,Aggregated,1011.500000,0.000000,490,580,640,680,790,900,1000,1100,1400,2100,2100,141054,46,490,479.9136359124874,38,2122,181.1508996554511
1650826320,500,,Aggregated,1015.500000,0.000000,490,580,640,680,790,900,1000,1100,1400,2100,2100,142119,46,490,479.75687276155895,38,2122,181.15546830473053
1650826321,500,,Aggregated,1015.200000,0.000000,490,580,640,680,790,900,1000,1100,1400,2100,2100,143162,46,490,479.80538131627105,38,2122,181.1828557857532
1650826322,500,,Aggregated,1026.800000,0.000000,490,580,640,680,790,900,1000,1100,1400,2100,2100,144181,46,490,479.8573737177575,38,2122,181.20155221561788
1650826323,500,,Aggregated,1025.400000,0.000000,490,580,640,680,790,900,1000,1100,1400,2100,2100,145047,46,490,480.1860293560018,38,2122,181.20482326418335
1650826324,500,,Aggregated,1026.000000,0.000000,490,580,640,680,790,900,1000,1100,1400,2100,2100,146243,46,490,480.1246145114638,38,2122,181.22609629178834
1650826325,500,,Aggregated,1034.700000,0.000000,490,580,640,680,790,900,1000,1100,1400,2100,2100,147373,46,490,480.0133606562939,38,2122,181.23236956565992
1650826326,500,,Aggregated,1031.900000,0.000000,490,580,640,680,790,900,1000,1100,1400,2100,2100,148434,46,490,479.8942088739777,38,2122,181.23897489793444
1650826327,500,,Aggregated,1044.600000,0.000000,490,580,640,680,790,900,1000,1100,1400,2100,2100,149591,46,490,479.7425246171227,38,2122,181.26791718753134
1650826328,500,,Aggregated,1050.100000,0.000000,490,580,640,680,790,900,1000,1100,1400,2100,2100,150692,46,490,479.5960767658535,38,2122,181.29032729010166
1650826329,500,,Aggregated,1055.100000,0.000000,490,580,640,680,790,900,1000,1100,1400,2100,2100,151843,46,490,479.36080688605995,38,2122,181.29296707783698
1650826330,500,,Aggregated,1049.000000,0.000000,490,580,640,680,790,900,1000,1100,1400,2100,2100,152943,46,490,479.18830544712733,38,2122,181.31371164420733
1650826331,500,,Aggregated,1052.300000,0.000000,490,580,640,680,790,900,1000,1100,1400,2100,2100,154111,46,490,478.9327043494624,38,2122,181.33227349118494
1650826332,500,,Aggregated,1054.600000,0.000000,490,580,640,680,790,900,1000,1100,1400,2100,2100,155278,46,490,478.63931142853465,38,2122,181.32990507348111
1650826333,500,,Aggregated,1065.100000,0.000000,490,580,640,680,790,900,1000,1100,1400,2100,2100,156377,46,490,478.49958114044904,38,2122,181.3439892055737
1650826334,500,,Aggregated,1072.900000,0.000000,490,580,640,680,790,900,1000,1100,1400,2100,2100,157535,46,490,478.22302980290095,38,2122,181.34949693718855
1650826335,500,,Aggregated,1087.500000,0.000000,490,580,630,680,790,900,1000,1100,1400,2100,2100,158637,46,490,478.08066844431,38,2122,181.36850167363227
1650826336,500,,Aggregated,1099.500000,0.000000,490,580,630,680,790,900,1000,1100,1400,2100,2100,159795,46,490,477.8841953753246,38,2122,181.37088144184736
1650826337,500,,Aggregated,1103.900000,0.000000,490,580,630,680,790,900,1000,1100,1400,2100,2100,160892,46,490,477.7551649553738,38,2122,181.39624717201602
1650826338,500,,Aggregated,1106.400000,0.000000,490,580,630,680,790,900,1000,1100,1400,2100,2100,161945,46,490,477.6605267220353,38,2122,181.4138689061101
1650826339,500,,Aggregated,1104.400000,0.000000,490,580,630,680,790,900,1000,1100,1400,2100,2100,163012,46,490,477.7911258066891,38,2122,181.43400485853803
1650826340,500,,Aggregated,1106.200000,0.000000,490,580,630,680,790,900,1000,1100,1400,2100,2100,164140,46,490,477.74440721335446,38,2122,181.43852808578043
1650826341,500,,Aggregated,1100.100000,0.000000,490,580,630,680,790,900,1000,1100,1400,2100,2100,165099,46,490,477.8004470045246,38,2122,181.4348784668593
1650826343,500,,Aggregated,1085.400000,0.000000,490,580,640,680,790,900,1000,1100,1500,2100,2400,166049,46,490,478.1072574962812,38,2385,181.44728965546315
1650826344,500,,Aggregated,1068.700000,0.000000,490,580,640,680,790,900,1000,1100,1500,2100,2400,166955,46,490,478.41043394926777,38,2385,181.45154083435656
1650826345,500,,Aggregated,1050.300000,0.000000,490,580,640,680,790,900,1000,1100,1500,2100,3200,167945,46,490,478.8077525380333,38,3222,181.47715025752478
1650826346,500,,Aggregated,1027.400000,0.000000,490,580,640,680,790,900,1000,1100,1500,2100,3200,168944,46,490,479.0101631309783,38,3222,181.47953167913627
1650826347,500,,Aggregated,1010.900000,0.000000,490,580,640,680,790,900,1000,1100,1500,2100,3200,169861,46,490,479.3090409216948,38,3222,181.4743054615244
1650826348,500,,Aggregated,997.200000,0.000000,490,580,640,680,790,900,1000,1100,1500,2200,3200,170853,46,490,479.87118165908703,38,3222,181.5100290893341
1650826349,500,,Aggregated,983.300000,0.000000,490,580,640,680,800,900,1000,1100,1500,2200,3200,171783,46,490,480.03356560311556,38,3222,181.4995255642293
1650826350,500,,Aggregated,972.500000,0.000000,490,580,640,680,800,900,1000,1100,1500,2300,3200,172629,46,490,480.33081927138545,38,3222,181.50737709191387
1650826351,500,,Aggregated,958.500000,0.000000,490,580,640,680,800,900,1000,1100,1600,2400,3200,173569,46,490,480.8683808744649,38,3222,181.51954554096642
1650826352,500,,Aggregated,935.100000,0.000000,490,580,640,680,800,900,1000,1100,1700,2500,3200,174492,46,490,481.2220216399606,38,3222,181.53638562226348
1650826353,500,,Aggregated,919.800000,0.000000,490,580,640,680,800,910,1000,1100,1700,2800,3200,175457,46,490,481.5885772582456,38,3222,181.54250899080685
1650826354,500,,Aggregated,917.800000,0.000000,490,580,640,680,800,910,1000,1100,1800,2900,3200,176460,46,490,481.78642751898445,38,3222,181.55392156862746
1650826355,500,,Aggregated,915.400000,0.000000,490,580,640,680,800,910,1000,1100,1800,2900,3200,177381,46,490,481.99876536945897,38,3222,181.55826159509755
1650826356,500,,Aggregated,926.600000,0.000000,490,580,640,680,800,910,1000,1100,1800,2900,3200,178408,46,490,482.2023395811847,38,3222,181.56254764360344
1650826357,500,,Aggregated,921.000000,0.000000,490,580,640,680,800,910,1000,1100,1900,3000,3200,179388,46,490,482.4339309206859,38,3240,181.5702666845051
1650826358,500,,Aggregated,924.900000,0.000000,490,580,640,680,800,910,1000,1200,1900,2900,3200,180360,46,490,482.72081392770014,38,3240,181.57620869372366
1650826359,500,,Aggregated,929.800000,0.000000,490,580,640,680,800,910,1000,1200,1900,2900,3200,181367,46,490,483.07731836552404,38,3240,181.58951738739682
1650826360,500,,Aggregated,924.200000,0.000000,490,580,640,680,800,910,1000,1200,1900,2900,3200,182295,46,490,483.1780465728627,38,3240,181.60072958665899
1650826361,500,,Aggregated,926.800000,0.000000,490,580,640,680,800,910,1000,1200,1900,2900,3200,183267,46,490,483.3787097513464,38,3240,181.6126198388144
1650826362,500,,Aggregated,944.200000,0.000000,490,580,640,680,800,910,1000,1200,2000,2900,3200,184257,46,490,483.51188828646946,38,3240,181.61574322820843
1650826363,500,,Aggregated,949.200000,0.000000,490,580,640,680,800,910,1000,1200,2000,3000,3600,185273,46,490,483.6616776324667,38,3556,181.62733371835077
1650826364,500,,Aggregated,953.100000,0.000000,490,580,640,680,800,910,1000,1200,2000,3000,3600,186229,46,490,483.9648175096252,38,3556,181.6316577976577
1650826365,500,,Aggregated,958.200000,0.000000,490,580,640,680,800,910,1000,1200,2000,3000,3600,187219,46,490,484.1952953492968,38,3556,181.64299563612667
1650826366,500,,Aggregated,956.000000,0.000000,490,580,640,680,800,910,1000,1200,2000,3000,3600,188213,46,490,484.2429428360421,38,3556,181.64463134852534
1650826367,500,,Aggregated,961.500000,0.000000,490,580,640,680,800,920,1000,1200,2000,3000,3600,189137,46,490,484.47272083198953,38,3556,181.65694708068753
1650826368,500,,Aggregated,955.000000,0.000000,490,580,640,680,800,920,1100,1200,2000,3000,3600,190194,46,490,484.6562299546779,38,3556,181.67016309662765
1650826369,500,,Aggregated,955.500000,0.000000,490,580,640,680,800,920,1100,1200,2000,3000,3600,191223,46,490,484.85740209075266,38,3556,181.67977178477486
1650826370,500,,Aggregated,962.600000,0.000000,490,580,640,680,800,920,1100,1200,2000,3000,3600,192231,46,490,484.84722027144426,38,3556,181.6881512347124
1650826371,500,,Aggregated,966.900000,0.000000,490,580,640,680,800,920,1100,1200,2100,3000,3600,193177,46,490,484.94973004032573,38,3556,181.66327254279753
1650826372,500,,Aggregated,965.500000,0.000000,490,580,640,690,800,920,1100,1200,2100,3000,3600,194156,46,490,485.47766744267494,38,3556,181.7026257236449
1650826373,500,,Aggregated,967.400000,0.000000,490,580,640,690,800,920,1100,1200,2100,3000,3600,195110,46,490,485.5115422069602,38,3556,181.7109630464866
1650826374,500,,Aggregated,965.200000,0.000000,490,580,640,690,800,920,1100,1200,2100,3000,3600,196119,46,490,485.52001080976345,38,3556,181.70947740912405
1650826375,500,,Aggregated,963.800000,0.000000,490,580,640,690,800,920,1100,1200,2100,3000,3600,197145,46,490,485.5800958685232,38,3556,181.71865378274873
1650826376,500,,Aggregated,966.400000,0.000000,490,580,640,690,800,920,1100,1200,2100,3000,3600,198124,46,490,485.8231511578607,38,3556,181.72522763521835
1650826377,500,,Aggregated,970.500000,0.000000,490,580,640,690,800,920,1100,1200,2100,3000,3600,199073,46,490,485.97502423734005,38,3556,181.7331581882023
1650826378,500,,Aggregated,972.500000,0.000000,490,580,640,690,800,920,1100,1200,2100,3000,3600,200040,46,490,486.40478404319134,38,3556,181.7371075784843
1650826379,500,,Aggregated,969.500000,0.000000,490,580,640,690,800,920,1100,1200,2100,3000,3600,200959,46,490,486.49384202747825,38,3556,181.74532616105773
1650826380,500,,Aggregated,960.800000,0.000000,490,580,640,690,800,920,1100,1200,2100,3000,3600,201909,46,490,486.88953934693353,38,3556,181.75098683070095
1650826381,500,,Aggregated,956.600000,0.000000,490,580,640,690,800,930,1100,1200,2100,3000,3600,202901,46,490,486.95406626877144,38,3556,181.7575960690189
1650826382,500,,Aggregated,950.300000,0.000000,490,580,640,690,800,930,1100,1200,2100,3000,3600,203909,46,490,487.01162283175336,38,3556,181.7720012358454
1650826383,500,,Aggregated,948.000000,0.000000,490,580,640,690,800,930,1100,1200,2200,3000,3700,204939,46,490,487.0980828441634,38,3739,181.77818277633833
1650826384,500,,Aggregated,950.600000,0.000000,490,580,640,690,800,930,1100,1200,2200,3000,3700,205954,46,490,487.2969206716063,38,3739,181.77562465404895
1650826386,500,,Aggregated,956.100000,0.000000,490,580,640,690,800,930,1100,1200,2200,3000,3700,206972,46,490,487.3147817096032,38,3739,181.78283535937229
1650826387,500,,Aggregated,954.800000,0.000000,490,580,640,690,800,930,1100,1200,2200,3000,3700,207929,46,490,487.48718552967597,38,3739,181.7941845533812
1650826388,500,,Aggregated,958.600000,0.000000,490,580,640,690,800,930,1100,1200,2200,3000,3700,208946,46,490,487.61233524451296,38,3739,181.79590899083973
1650826389,500,,Aggregated,954.300000,0.000000,490,580,640,690,810,930,1100,1200,2200,3000,3700,209998,46,490,487.68531605062907,38,3739,181.80393146601395
1650826390,500,,Aggregated,967.000000,0.000000,490,580,640,690,810,930,1100,1300,2200,3000,3700,211030,46,490,487.7146661612093,38,3739,181.80917878974554
1650826391,500,,Aggregated,974.700000,0.000000,490,580,640,690,810,930,1100,1300,2200,3000,3700,212023,46,490,487.7194832636082,38,3739,181.81685005872004
1650826392,500,,Aggregated,984.500000,0.000000,490,580,640,690,810,930,1100,1300,2200,3000,3700,213023,46,490,487.7424127911071,38,3739,181.82401430831413
1650826393,500,,Aggregated,987.100000,0.000000,490,580,640,690,810,930,1100,1300,2200,3100,3700,213973,46,490,488.2098956410388,38,3739,181.83325933645833
1650826394,500,,Aggregated,990.500000,0.000000,490,580,640,690,810,930,1100,1300,2200,3100,3700,214956,46,490,488.36392098848137,38,3739,181.83054206442247
1650826395,500,,Aggregated,981.600000,0.000000,490,580,640,690,810,930,1100,1300,2200,3100,3700,215920,46,490,488.36444516487586,38,3739,181.84200166728417
1650826396,500,,Aggregated,978.200000,0.000000,490,580,640,690,810,930,1100,1300,2200,3100,3700,216948,46,490,488.4936205911094,38,3739,181.85284492136364
1650826397,500,,Aggregated,970.600000,0.000000,490,580,640,690,810,930,1100,1300,2200,3100,3700,217900,46,490,488.66769619091326,38,3739,181.848540614961
1650826398,500,,Aggregated,972.700000,0.000000,490,580,640,690,810,930,1100,1300,2200,3100,3700,218875,46,490,488.78512849800114,38,3739,181.86113535122786
1650826399,500,,Aggregated,976.600000,0.000000,490,580,640,690,810,930,1100,1300,2200,3200,4100,219896,46,490,488.8449676210572,38,4144,181.86380834576346
1650826400,500,,Aggregated,970.800000,0.000000,490,580,640,690,810,930,1100,1300,2300,3400,4100,220897,46,490,488.9145846254137,38,4144,181.86911999710273
1650826401,500,,Aggregated,964.900000,0.000000,490,580,640,690,810,930,1100,1300,2300,3400,4100,221883,46,490,489.07439957094505,38,4144,181.88365489920363
1650826402,500,,Aggregated,964.900000,0.000000,490,580,640,690,810,940,1100,1300,2300,3400,4100,222884,46,490,489.3007708045441,38,4144,181.89661886900808
1650826403,500,,Aggregated,964.400000,0.000000,490,580,640,690,810,940,1100,1300,2300,3400,4100,223838,46,490,489.4220284312762,38,4144,181.88068603186233
1650826404,500,,Aggregated,961.400000,0.000000,490,580,650,690,810,940,1100,1300,2300,3400,4100,224866,46,490,489.65056077841916,38,4144,181.89055259576816
1650826405,500,,Aggregated,964.700000,0.000000,490,580,650,690,810,940,1100,1300,2300,3400,4100,225803,46,490,489.7354375274022,38,4144,181.89631227220187
1650826406,500,,Aggregated,968.400000,0.000000,490,580,650,690,810,940,1100,1300,2300,3400,4100,226813,46,490,489.6715003108287,38,4144,181.9009051509393
1650826407,500,,Aggregated,965.700000,0.000000,490,580,650,690,810,940,1100,1300,2400,3400,4100,227790,46,490,489.9387330435928,38,4144,181.9124588436718
1650826408,500,,Aggregated,960.900000,0.000000,490,580,650,690,810,940,1100,1300,2400,3400,4100,228730,46,490,490.17251781576533,38,4144,181.90619944913217
1650826409,500,,Aggregated,960.400000,0.000000,490,590,650,690,810,940,1100,1300,2400,3400,4100,229741,46,490,490.23037681563153,38,4144,181.9143513782912
1650826410,500,,Aggregated,960.900000,0.000000,490,590,650,690,810,940,1100,1300,2400,3400,4100,230721,46,490,490.4180417040495,38,4144,181.9088986264796
1650826411,500,,Aggregated,963.000000,0.000000,490,590,650,690,810,940,1100,1300,2400,3400,4100,231678,46,490,490.5680815614776,38,4144,181.93185369348836
1650826412,500,,Aggregated,957.000000,0.000000,490,590,650,690,810,940,1100,1300,2400,3400,4100,232714,46,490,490.718689034609,38,4144,181.9325609976194
1650826413,500,,Aggregated,951.700000,0.000000,490,590,650,690,810,940,1100,1300,2400,3400,4100,233721,46,490,490.67891631475135,38,4144,181.93825116271108
1650826414,500,,Aggregated,951.900000,0.000000,490,590,650,690,810,940,1100,1300,2400,3400,4100,234763,46,490,490.7369730323773,38,4144,181.9457282450812
1650826415,500,,Aggregated,963.100000,0.000000,490,580,650,690,810,940,1100,1300,2400,3400,4100,235770,46,490,490.63906773550497,38,4144,181.95137634134963
1650826416,500,,Aggregated,959.800000,0.000000,490,580,650,690,810,940,1100,1300,2400,3400,4100,236790,46,490,490.7161493306305,38,4144,181.96015879048946
1650826417,500,,Aggregated,970.100000,0.000000,490,580,650,690,810,940,1100,1300,2500,3400,4100,237750,46,490,490.8911251314406,38,4144,181.95966771819138
1650826418,500,,Aggregated,974.500000,0.000000,490,590,650,690,810,940,1100,1300,2500,3400,4100,238707,46,490,490.98946407101596,38,4144,181.9696950654987
1650826419,500,,Aggregated,978.200000,0.000000,490,590,650,690,810,940,1100,1300,2500,3400,4100,239714,46,490,491.2378667912596,38,4144,181.97651785043843
1650826420,500,,Aggregated,976.400000,0.000000,490,590,650,690,810,940,1100,1300,2500,3400,4100,240724,46,490,491.3145967996544,38,4144,181.97561107326231
1650826421,500,,Aggregated,971.100000,0.000000,490,590,650,690,810,940,1100,1300,2500,3400,4100,241674,46,490,491.39658796560656,38,4144,181.97865306156228
1650826422,500,,Aggregated,973.800000,0.000000,490,590,650,690,810,940,1100,1300,2500,3400,4100,242626,46,490,491.5064832293324,38,4144,181.9878001533224
1650826423,500,,Aggregated,979.400000,0.000000,490,590,650,690,810,940,1100,1300,2500,3400,4100,243556,46,490,491.8022631345563,38,4144,181.99910492864063
1650826424,500,,Aggregated,976.500000,0.000000,490,590,650,690,810,940,1100,1300,2500,3400,4100,244480,46,490,492.01486011125655,38,4144,181.9952020615183
1650826426,500,,Aggregated,955.100000,0.000000,490,590,650,690,810,940,1100,1300,2500,3400,4100,245524,46,490,492.13650396702565,38,4144,181.9989736237598
1650826427,500,,Aggregated,946.200000,0.000000,490,590,650,690,810,940,1100,1300,2500,3400,4100,246506,46,490,492.0442098772444,38,4144,182.00101417409718
1650826428,500,,Aggregated,947.700000,0.000000,490,590,650,690,810,940,1100,1400,2500,3400,4100,247508,46,490,492.19709665950194,38,4144,182.0089451654088
1650826429,500,,Aggregated,946.700000,0.000000,490,590,650,690,810,950,1100,1400,2500,3400,4100,248471,46,490,492.4528496283269,38,4144,182.01819930696138
1650826430,500,,Aggregated,947.600000,0.000000,490,590,650,690,810,950,1100,1400,2500,3400,4100,249445,46,490,492.5459800757682,38,4144,182.02138748020604
1650826431,500,,Aggregated,950.300000,0.000000,490,590,650,690,810,950,1100,1400,2500,3400,4100,250426,46,490,492.73262760256523,38,4144,182.0250533091612
1650826432,500,,Aggregated,947.800000,0.000000,490,590,650,690,810,950,1100,1400,2500,3400,4100,251375,46,490,492.8927379413227,38,4144,182.0272222774739
1650826433,500,,Aggregated,945.800000,0.000000,490,590,650,690,810,950,1100,1400,2500,3400,4100,252270,46,490,493.1325841360447,38,4144,182.0367701272446
1650826434,500,,Aggregated,945.100000,0.000000,490,590,650,690,820,950,1100,1400,2500,3400,4100,253141,46,490,493.4318818366049,38,4144,182.03491729905468
1650826435,500,,Aggregated,941.800000,0.000000,490,590,650,690,820,950,1100,1400,2500,3400,4100,254040,46,490,493.6820776255708,38,4144,182.03882459455204
1650826436,500,,Aggregated,941.900000,0.000000,490,590,650,690,820,950,1100,1400,2500,3400,4100,254934,46,490,493.91143982364065,38,4144,182.0474161939953
1650826437,500,,Aggregated,939.800000,0.000000,490,590,650,700,820,950,1100,1400,2500,3400,4100,255847,46,490,494.23191594976686,38,4144,182.049095748631
1650826438,500,,Aggregated,917.400000,0.000000,490,590,650,700,820,950,1100,1400,2500,3400,4100,256802,46,490,494.26569886527363,38,4144,182.05248012087134
1650826439,500,,Aggregated,908.100000,0.000000,490,590,650,700,820,950,1100,1400,2500,3400,4100,257733,46,490,494.6203862136397,38,4144,182.0588516022395
1650826440,500,,Aggregated,908.300000,0.000000,490,590,650,700,820,950,1100,1400,2500,3400,4100,258695,46,490,494.8271284717525,38,4144,182.0568661937803
1650826441,500,,Aggregated,902.300000,0.000000,490,590,650,700,820,950,1100,1400,2500,3400,4100,259631,46,490,494.9417095801349,38,4144,182.05782822544305
1650826442,500,,Aggregated,899.000000,0.000000,490,590,650,700,820,950,1100,1400,2500,3400,4100,260598,46,490,495.01317738432374,38,4144,182.06396058296687
1650826443,500,,Aggregated,896.600000,0.000000,490,590,650,700,820,960,1100,1400,2500,3400,4100,261568,46,490,495.22840332150724,38,4144,182.07417956324932
1650826444,500,,Aggregated,898.300000,0.000000,490,590,650,700,820,960,1100,1400,2500,3400,4100,262327,46,490,495.3396714787269,38,4144,182.07330926667862
1650826445,500,,Aggregated,902.800000,0.000000,490,590,650,700,820,960,1200,1400,2500,3400,4100,263220,46,490,495.9462008965884,38,4144,182.08026365777675
1650826446,500,,Aggregated,907.600000,0.000000,490,590,650,700,820,960,1200,1400,2500,3400,4100,264056,46,490,496.38569848819947,38,4144,182.08407307540824
1650826447,500,,Aggregated,894.500000,0.000000,490,590,650,700,820,960,1200,1400,2500,3400,4100,264894,46,490,496.6278511404562,38,4144,182.07973000520963
1650826448,500,,Aggregated,893.500000,0.000000,490,590,650,700,820,960,1200,1400,2500,3400,4100,265767,46,490,497.0367351853315,38,4144,182.0844160486441
1650826449,500,,Aggregated,890.200000,0.000000,490,590,650,700,820,960,1200,1400,2500,3400,4100,266586,46,490,497.4199357805736,38,4144,182.09364332710646
1650826450,500,,Aggregated,875.900000,0.000000,490,590,650,700,820,960,1200,1400,2500,3400,4100,267440,46,490,497.92097666766375,38,4144,182.10214253664373
1650826451,500,,Aggregated,866.200000,0.000000,490,590,650,700,820,960,1200,1400,2500,3400,4100,268248,46,490,498.3050013420417,38,4144,182.10799707733142
1650826452,500,,Aggregated,864.700000,0.000000,490,590,650,700,820,960,1200,1400,2500,3400,4100,269081,46,490,498.72812275857456,38,4144,182.10738030555854
1650826453,500,,Aggregated,848.200000,0.000000,490,590,650,700,820,960,1200,1400,2500,3400,4100,269901,46,490,498.930141051719,38,4144,182.10654647444804
1650826454,500,,Aggregated,818.500000,0.000000,490,590,650,700,820,960,1200,1400,2500,3400,4100,270769,46,490,499.3445889300474,38,4144,182.11004213924045
1650826455,500,,Aggregated,810.100000,0.000000,490,590,650,700,830,970,1200,1400,2500,3400,4100,271656,46,490,499.69284683570396,38,4144,182.11552110021498
1650826456,500,,Aggregated,786.500000,0.000000,490,590,650,700,830,970,1200,1400,2500,3400,4100,272523,46,490,499.86966237712045,38,4144,182.1159388381898
1650826457,500,,Aggregated,794.600000,0.000000,490,590,650,700,830,970,1200,1400,2500,3400,4100,273350,46,490,500.2981488933602,38,4144,182.12148527528808
1650826458,500,,Aggregated,802.600000,0.000000,490,590,650,700,830,970,1200,1500,2500,3400,4100,274133,46,490,500.62413500016413,38,4144,182.11853370444274
1650826459,500,,Aggregated,805.000000,0.000000,490,590,650,700,830,970,1200,1500,2500,3400,4100,275095,46,490,500.9784110943492,38,4144,182.12165252003854
1650826461,500,,Aggregated,806.600000,0.000000,490,590,650,700,830,970,1200,1500,2500,3400,4100,275963,46,490,501.14008399676766,38,4144,182.1371307023043
1650826462,500,,Aggregated,811.700000,0.000000,490,590,650,700,830,970,1200,1500,2500,3400,4100,276772,46,490,501.4136762389259,38,4144,182.12896174468514
1650826463,500,,Aggregated,822.600000,0.000000,490,590,650,700,830,970,1200,1500,2500,3400,4100,277744,46,490,501.7398359640532,38,4144,182.1338354743937
1650826464,500,,Aggregated,836.400000,0.000000,490,590,660,700,830,970,1200,1500,2500,3400,4100,278601,46,490,501.9473835341582,38,4144,182.14693414596502
1650826465,500,,Aggregated,841.900000,0.000000,490,590,660,700,830,970,1200,1500,2500,3400,4100,279396,46,490,502.22223653881946,38,4144,182.14269710375237
1650826466,500,,Aggregated,843.600000,0.000000,490,590,660,700,830,970,1200,1500,2500,3400,4100,280368,46,490,502.4192454203047,38,4144,182.14346858414655
1650826467,500,,Aggregated,837.700000,0.000000,490,590,660,700,830,970,1200,1500,2500,3400,4100,281201,46,490,502.7842895295536,38,4144,182.15299376602502
1650826468,500,,Aggregated,833.400000,0.000000,490,590,660,700,830,970,1200,1500,2500,3400,4100,281869,46,490,502.8510088019612,38,4144,182.14466649400964
1650826469,500,,Aggregated,839.500000,0.000000,490,590,660,700,830,970,1200,1500,2500,3400,4100,282778,46,490,503.16039437297104,38,4144,182.15227492944996
1650826470,500,,Aggregated,844.500000,0.000000,490,590,660,700,830,980,1200,1500,2500,3400,4100,283600,46,490,503.38102609308885,38,4144,182.14932651622001
1650826471,500,,Aggregated,850.800000,0.000000,500,590,660,700,830,980,1200,1500,2500,3400,4100,284424,46,500,503.62215565493767,38,4144,182.14630973476218
1650826472,500,,Aggregated,845.800000,0.000000,500,590,660,700,830,980,1200,1500,2500,3400,4100,285332,46,500,504.01981200846734,38,4144,182.1583769083033
1650826473,500,,Aggregated,841.300000,0.000000,500,590,660,700,830,980,1200,1500,2500,3400,4100,286203,46,500,504.2110040775254,38,4144,182.1582652872262
1650826474,500,,Aggregated,836.100000,0.000000,500,590,660,700,840,980,1200,1500,2500,3400,4100,287099,46,500,504.5040212609588,38,4144,182.16123009832845
1650826475,500,,Aggregated,835.300000,0.000000,500,590,660,700,840,980,1200,1500,2500,3400,4100,287946,46,500,504.7320886555118,38,4144,182.16763907121475
